Post ID,Account ID,Account username,Account name,Description,Duration (sec),Publish time,Permalink,Post type,Data comment,Date,Views,Reach,Likes,Shares,Follows,Comments,Saves
18034567890123456,17841401234567890,raf.northbound,Raf Mendoza | Northbound,"Offer > Ads: the 5-part offer checklist 👇
1. Who it's for
2. The promise
3. Proof
4. Risk reversal
5. Urgency

#ecommerceph #marketingtips",,08/18/2026 12:00,https://www.instagram.com/p/DNq2xR8yT4k/,IG carousel,,Lifetime,"31,208","12,944","1,302",214,86,57,903
18041234567890123,17841401234567890,raf.northbound,Raf Mendoza | Northbound,"The prompt library our copywriters use every day

Comment ""PROMPTS"" and I'll send you the list.",41,08/25/2026 19:00,https://www.instagram.com/reel/DNz8KpQy1Lm/,IG reel,,Lifetime,"58,730","33,102","2,418",691,203,144,"1,876"
18045678901234567,17841401234567890,raf.northbound,Raf Mendoza | Northbound,The creative testing framework we use for every ₱50k/month account,,08/29/2026 12:00,https://www.instagram.com/p/DO3tVb7xQ2n/,IG carousel,,Lifetime,"22,415","9,870",876,132,41,38,"1,104"
18047890123456789,17841401234567890,raf.northbound,Raf Mendoza | Northbound,"5 signs your store is ready for paid ads
(Number 3 surprises most founders.)",,09/06/2026 12:00,https://www.instagram.com/p/DOa1Bc2De3F/,IG carousel,,Lifetime,"14,207","6,988",611,88,24,29,507
18049012345678901,17841401234567890,raf.northbound,Raf Mendoza | Northbound,A day at the Northbound office ☕️,33,09/12/2026 18:45,https://www.instagram.com/reel/DOk9Lm8No7P/,IG reel,,Lifetime,"9,310","5,402",488,17,9,22,31
18050123456789012,17841401234567890,raf.northbound,Raf Mendoza | Northbound,,,09/13/2026 08:00,https://www.instagram.com/p/DOm4Qr5St6U/,IG image,,Lifetime,"3,120","2,455",301,4,2,11,9
