Post ID,Page ID,Page name,Title,Description,Duration (sec),Publish time,Caption type,Permalink,Is crosspost,Is share,Post type,Languages,Custom labels,Funded content status,Data comment,Date,Views,Reach,"Reactions, Comments and Shares",Reactions,Comments,Shares,Total clicks,Link clicks,Other clicks,Seconds viewed,Average Seconds viewed
122145873301234567,104829376512345,Raf Mendoza · Northbound,,"Stop boosting posts. Do this instead.

Boosting feels safe, pero binabayaran mo lang ang likes. Run a proper traffic campaign, test 3 hooks, keep the winner.",,06/16/2026 20:30,,https://www.facebook.com/104829376512345/posts/pfbid02Xk7tNq3bYv8mRz1,No,No,Photos,English,,,,Lifetime,"24,310","15,902","1,146",902,188,56,"1,284",211,"1,073",,
122151209876543210,104829376512345,Raf Mendoza · Northbound,Your ads aren't the problem. Your offer is.,"Kung walang bibili sa offer mo, walang ad na makakaligtas diyan. Here's the 5-part checklist I use with every brand, from ₱50k to ₱5M a month.",94,08/15/2026 20:00,,https://www.facebook.com/reel/1938475610293847,No,No,Reels,English,"Offer series, Q3",,,Lifetime,"86,420","51,377","3,961","3,214",402,345,"2,118",0,"2,118","1,742,380",20.16
122151877654321098,104829376512345,Raf Mendoza · Northbound,,"Ask Me Anything #2: pricing, retainers and saying no — salamat sa lahat ng nagtanong! Replay below 👇",3312,08/17/2026 20:00,,https://www.facebook.com/104829376512345/videos/1029384756102938,No,No,Videos,English,,,,Lifetime,"9,845","6,120",698,421,244,33,512,12,500,"2,904,110",295
122154433210987654,104829376512345,Raf Mendoza · Northbound,,"Behind the scenes: our Tuesday client check-in
Walang magic — just a clear agenda, one owner per task, and a ""25 minutes max"" rule.",,09/08/2026 12:00,,https://www.facebook.com/104829376512345/posts/pfbid0Tq8vLm2RzYx4KcN5,No,No,Photos,English,,,,Lifetime,"4,812","3,390",263,231,19,13,301,0,301,,
122155012345678901,104829376512345,Raf Mendoza · Northbound,Paano mag-set up ng Meta Pixel in 10 minutes,"Step by step, walang tech jargon. Save this for later!",58,09/10/2026 19:00,,https://www.facebook.com/reel/2049586712304958,No,No,Reels,English,,,,Lifetime,"18,420","12,655","1,027",804,97,126,655,0,655,"412,380",22.39
122155398765432109,104829376512345,Raf Mendoza · Northbound,,Worth reading if you sell online: DTI's new reminders for e-commerce sellers.,,09/11/2026 09:15,,https://www.facebook.com/104829376512345/posts/pfbid0Mn3sQw8XyZ1aB2c3,No,Yes,Links,English,,,,Lifetime,,,41,35,4,2,88,71,17,,
